participant,word
pilot10,hal
pilot10,ontrouw
pilot10,snavel
pilot10,karkas
pilot10,taboe
pilot10,sultan
pilot10,kots
pilot10,kwelling
pilot10,astma
pilot10,voogd
pilot10,spuug
pilot10,schede
pilot10,kwijl
pilot10,virus
pilot10,klink
pilot10,sessie
pilot10,spiraal
pilot10,patroon
pilot10,schors
pilot10,last
pilot10,lijfwacht
pilot10,spreeuw
pilot10,rubriek
pilot10,vrees
pilot10,nadeel
pilot10,kikker
pilot10,oester
pilot10,minnaar
pilot10,lasso
pilot10,pendel
pilot10,termijn
pilot10,roer
pilot10,slagveld
pilot10,rimboe
pilot10,terrein
pilot10,razernij
pilot10,roffel
pilot10,wet
pilot10,reptiel
pilot10,matrix
pilot10,mep
pilot10,kopij
pilot10,romp
pilot10,gordijn
pilot10,fornuis
pilot10,heks
pilot10,beerput
pilot10,pluis
pilot10,trant
pilot10,gebouw
pilot10,bandiet
pilot10,kut
pilot10,furieus
pilot10,schrik
pilot10,heibel
pilot10,pech
pilot10,cel
pilot10,mormel
pilot10,aars
pilot10,nevel
pilot10,dealer
pilot10,kreng
pilot10,dief
pilot10,sleur
pilot10,schande
pilot10,pamflet
pilot10,ketter
pilot10,kwart
pilot10,stroop
pilot10,sterfbed
pilot10,stress
pilot10,kruin
pilot10,kerkhof
pilot10,ploert
pilot10,sein
pilot10,snob
pilot10,jaloezie
pilot10,sluis
pilot10,singel
pilot10,galg
pilot10,breuk
pilot10,getto
pilot10,rotzooi
pilot10,rolstoel
pilot10,radar
pilot10,schroef
pilot10,grijns
pilot10,tralie
pilot10,dreun
pilot10,schemer
pilot10,zoom
pilot10,doofpot
pilot10,gezwel
pilot10,schaak
pilot10,kolom
pilot10,wrevel
pilot10,woede
pilot10,gangster
pilot10,krekel
pilot10,nor
pilot10,tapijt
pilot10,ziekte
pilot10,beul
pilot10,korf
pilot10,hagedis
pilot10,sherry
pilot10,bedelaar
pilot10,waanzin
pilot10,scooter
pilot10,fraude
pilot10,sukkel
pilot10,junk
pilot10,acne
pilot10,pleit
pilot10,crisis
pilot10,soja
pilot10,rel
pilot10,kogel
pilot10,chaos
pilot10,plastic
pilot10,rage
pilot10,pedofiel
pilot10,heimwee
pilot10,haring
pilot10,onrust
pilot10,walging
pilot10,vloed
pilot10,schade
pilot10,ongeval
pilot10,gal
pilot10,advocaat
pilot10,list
pilot10,nood
pilot10,fort
pilot10,dozijn
pilot10,lepra
pilot10,nier
pilot10,station
pilot10,bedrog
pilot10,pomp
pilot10,rubber
pilot10,krat
pilot10,koster
pilot10,venijn
pilot10,conflict
pilot10,afkeer
pilot10,snotneus
pilot10,branche
pilot10,file
pilot10,wijf
pilot10,strop
pilot10,tocht
pilot10,fobie
pilot10,ramp
pilot10,miskraam
pilot10,kruimel
pilot10,pooier
pilot10,barbaar
pilot10,term
pilot10,kramp
pilot10,kader
pilot10,sadist
pilot10,schild
pilot10,trede
pilot10,gruwel
pilot10,lei
pilot10,trut
pilot10,tin
pilot10,gebrek
pilot10,rugpijn
pilot10,buikpijn
pilot10,wrok
pilot10,zonde
pilot10,trechter
pilot10,lafaard
pilot10,teugel
pilot10,schaamte
pilot10,koker
pilot10,rooster
pilot10,kwal
pilot10,stront
pilot10,raap
pilot10,koorts
pilot10,sergeant
pilot10,pers
pilot10,leed
pilot10,shock
pilot10,infuus
pilot10,pest
pilot10,tiran
pilot10,teek
pilot10,lawine
pilot10,monarch
pilot10,waan
pilot10,boef
pilot10,norm
pilot10,ongeduld
pilot10,cement
pilot10,satan
pilot10,puin
pilot10,riool
pilot10,stuiver
pilot10,afschuw
pilot10,schok
pilot10,ijzer
pilot10,trance
pilot10,vergif
pilot10,regel
pilot10,coma
pilot10,strook
pilot10,snot
pilot10,mug
pilot10,klooster
pilot10,oproer
pilot10,hinder
pilot10,ontslag
pilot10,madam
pilot10,flat
pilot10,vierkant
pilot10,altaar
pilot10,vloer
pilot10,hebzucht
pilot10,silo
pilot10,tuig
pilot10,gezag
pilot10,kanaal
pilot10,colbert
pilot10,arrest
pilot10,schot
pilot10,tumor
pilot10,flank
pilot10,made
pilot10,kwaal
pilot10,zombie
pilot10,orkaan
pilot10,gil
pilot10,scharnier
pilot10,midden
pilot10,oorworm
pilot10,panne
pilot10,stank
pilot10,pis
pilot10,ontzag
pilot10,puist
pilot10,raket
pilot10,stempel
pilot10,smaad
pilot10,paneel
pilot10,executie
pilot10,wicht
pilot10,ren
pilot10,schaar
pilot10,spade
pilot10,schurk
pilot10,hindoe
pilot10,Hitler
pilot10,inbraak
pilot10,zerk
pilot10,poeder
pilot10,wandaad
pilot10,scherm
pilot10,eikel
pilot10,afgunst
pilot10,lijst
pilot10,diefstal
pilot10,hoest
pilot10,schijf
pilot10,goeroe
pilot10,nijd
pilot10,slaaf
pilot10,dwang
pilot10,werf
pilot10,slet
pilot10,wrat
pilot10,tandpijn
pilot10,gracht
pilot10,klacht
pilot10,dok
pilot10,boeg
pilot10,uitschot
pilot10,humeur
pilot10,armoede
pilot10,toestel
pilot10,slijm
pilot10,plunje
pilot10,kas
pilot10,taxi
pilot10,agressie
pilot10,pilaar
pilot10,bruto
pilot10,onmacht
pilot10,bangerik
pilot10,serpent
pilot10,plaag
pilot10,spijker
pilot10,schurft
pilot10,schimmel
pilot10,machine
pilot10,kabel
pilot10,bankroet
pilot10,vuilnis
pilot10,vouw
pilot10,peddel
pilot10,psalm
pilot10,robot
pilot10,wodka
pilot10,sjeik
pilot10,pukkel
pilot10,knobbel
pilot10,lus
pilot10,kuis
pilot10,papier
pilot10,vin
pilot10,balpen
pilot10,bloedbad
pilot10,versie
pilot10,feeks
pilot10,overgave
pilot10,hekel
pilot10,wreef
pilot10,zone
pilot10,poedel
pilot10,keizer
pilot10,krot
pilot10,boycot
pilot10,staal
pilot10,angst
pilot10,majoor
pilot10,boosheid
pilot10,staaf
pilot10,rouw
pilot10,ram
pilot10,hak
pilot10,boete
pilot10,baars
pilot10,verband
pilot10,middel
pilot10,hufter
pilot10,wissel
pilot10,schotel
pilot10,buffel
pilot10,fik
pilot10,vloek
pilot10,afval
pilot10,proef
pilot10,straf
pilot10,misbruik
pilot10,toorts
pilot10,gril
pilot10,luik
pilot10,makreel
pilot10,spatel
pilot10,rabbijn
pilot10,kudde
pilot10,boeman
pilot10,jargon
pilot10,pedaal
pilot10,schuif
pilot10,blaar
pilot10,roof
pilot10,reuma
pilot10,wagon
pilot10,bazaar
pilot10,doping
pilot10,doolhof
pilot10,minuut
pilot10,tabel
pilot10,vracht
pilot10,kool
pilot10,letsel
pilot10,scheut
pilot10,korrel
pilot10,aspect
pilot10,frats
pilot10,heup
pilot10,drek
pilot10,monnik
pilot10,harnas
pilot10,griezel
pilot10,schijt
pilot10,doorn
pilot10,marge
pilot10,roebel
pilot10,troep
pilot10,wrak
pilot10,kanker
pilot10,incest
pilot10,cluster
pilot10,rotzak
pilot10,marmot
pilot10,gember
pilot10,bezitter
pilot10,scepter
pilot10,wervel
pilot10,mijl
pilot10,graaf
pilot10,kabaal
pilot10,macht
pilot10,schort
pilot10,graf
pilot10,schrift
pilot10,streek
pilot10,lakei
pilot10,teef
pilot10,rover
pilot10,vizier
pilot10,sigaret
pilot10,voeg
pilot10,hel
pilot10,stelt
pilot10,smokkel
pilot10,aids
pilot10,baron
pilot10,rat
pilot10,pissebed
pilot10,ergernis
pilot10,onheil
pilot10,ivoor
pilot10,furie
pilot10,blaam
pilot10,domoor
pilot10,steiger
pilot10,kerker
pilot10,vechter
pilot10,box
pilot10,ruzie
pilot10,budget
pilot10,sekte
pilot10,boord
pilot10,maagpijn
pilot10,roddel
pilot10,pijler
pilot10,armoe
pilot10,sabbat
pilot10,filter
pilot10,wraak
pilot10,milt
pilot10,orgaan
pilot10,striemen
pilot10,peil
pilot10,part
pilot10,etter
pilot10,bijbel
pilot10,gif
pilot10,karper
pilot10,perron
pilot10,schuit
pilot10,geheim
pilot10,reus
pilot10,mossel
pilot10,argwaan
pilot10,luis
pilot10,trauma
pilot10,rapport
pilot10,bochel
pilot10,pokken
pilot10,blunder
pilot10,sprong
pilot10,meeuw
pilot10,striem
pilot10,gesel
pilot10,chroom
pilot10,wonde
pilot10,griep
pilot10,rog
pilot10,granaat
pilot10,beitel
pilot10,schap
pilot10,bekken
pilot10,vete
pilot10,kalkoen
pilot10,metaal
pilot10,verraad
pilot10,kraag
pilot10,pantser
pilot10,ketel
pilot10,handel
pilot10,infectie
pilot10,stakker
pilot10,sluier
pilot11,kabel
pilot11,tabel
pilot11,schors
pilot11,doolhof
pilot11,wervel
pilot11,trechter
pilot11,getto
pilot11,tapijt
pilot11,rotzak
pilot11,radar
pilot11,wrevel
pilot11,tralie
pilot11,reus
pilot11,luik
pilot11,tocht
pilot11,kogel
pilot11,scepter
pilot11,wrok
pilot11,box
pilot11,vloed
pilot11,ongeval
pilot11,smokkel
pilot11,altaar
pilot11,teek
pilot11,vergif
pilot11,bezitter
pilot11,hekel
pilot11,pedofiel
pilot11,slagveld
pilot11,milt
pilot11,wraak
pilot11,misbruik
pilot11,advocaat
pilot11,ruzie
pilot11,bruto
pilot11,dozijn
pilot11,mijl
pilot11,arrest
pilot11,nadeel
pilot11,lus
pilot11,hel
pilot11,schroef
pilot11,cement
pilot11,lijst
pilot11,minnaar
pilot11,roof
pilot11,rouw
pilot11,vete
pilot11,stuiver
pilot11,hagedis
pilot11,zerk
pilot11,schaar
pilot11,kanaal
pilot11,doofpot
pilot11,aids
pilot11,plastic
pilot11,streek
pilot11,gebrek
pilot11,troep
pilot11,karper
pilot11,snavel
pilot11,virus
pilot11,krekel
pilot11,chroom
pilot11,bangerik
pilot11,armoe
pilot11,tandpijn
pilot11,griezel
pilot11,armoede
pilot11,bochel
pilot11,blunder
pilot11,tiran
pilot11,klink
pilot11,gil
pilot11,sultan
pilot11,schimmel
pilot11,kikker
pilot11,rimboe
pilot11,wissel
pilot11,schijt
pilot11,afval
pilot11,klacht
pilot11,peddel
pilot11,lafaard
pilot11,taboe
pilot11,tuig
pilot11,paneel
pilot11,ram
pilot11,raket
pilot11,boeg
pilot11,soja
pilot11,ramp
pilot11,humeur
pilot11,hindoe
pilot11,pissebed
pilot11,boete
pilot11,ontrouw
pilot11,pokken
pilot11,kerkhof
pilot11,toorts
pilot11,ongeduld
pilot11,werf
pilot11,versie
pilot11,verband
pilot11,boosheid
pilot11,korf
pilot11,poeder
pilot11,kut
pilot11,serpent
pilot11,diefstal
pilot11,spatel
pilot11,koker
pilot11,gracht
pilot11,snob
pilot11,spijker
pilot11,sekte
pilot11,sigaret
pilot11,hufter
pilot11,rubber
pilot11,vracht
pilot11,griep
pilot11,gangster
pilot11,boef
pilot11,colbert
pilot11,hak
pilot11,ontzag
pilot11,crisis
pilot11,junk
pilot11,wicht
pilot11,letsel
pilot11,schurft
pilot11,korrel
pilot11,bijbel
pilot11,sherry
pilot11,kerker
pilot11,koster
pilot11,kalkoen
pilot11,heimwee
pilot11,sprong
pilot11,dwang
pilot11,mug
pilot11,lawine
pilot11,gif
pilot11,hal
pilot11,gezwel
pilot11,trant
pilot11,furie
pilot11,krot
pilot11,kwijl
pilot11,boord
pilot11,onmacht
pilot11,slet
pilot11,kwaal
pilot11,kots
pilot11,waanzin
pilot11,schede
pilot11,staaf
pilot11,machine
pilot11,keizer
pilot11,granaat
pilot11,sjeik
pilot11,reptiel
pilot11,sessie
pilot11,middel
pilot11,doping
pilot11,snot
pilot11,rotzooi
pilot11,schrik
pilot11,bedelaar
pilot11,pendel
pilot11,cel
pilot11,tin
pilot11,shock
pilot11,mossel
pilot11,riool
pilot11,pijler
pilot11,oorworm
pilot11,vloek
pilot11,handel
pilot11,flank
pilot11,wonde
pilot11,patroon
pilot11,leed
pilot11,schuif
pilot11,afgunst
pilot11,overgave
pilot11,bedrog
pilot11,inbraak
pilot11,vloer
pilot11,astma
pilot11,schaak
pilot11,scharnier
pilot11,schemer
pilot11,maagpijn
pilot11,snotneus
pilot11,macht
pilot11,pers
pilot11,pech
pilot11,nood
pilot11,breuk
pilot11,teugel
pilot11,trede
pilot11,vuilnis
pilot11,executie
pilot11,minuut
pilot11,vechter
pilot11,blaam
pilot11,stank
pilot11,luis
pilot11,pleit
pilot11,rel
pilot11,afkeer
pilot11,infectie
pilot11,schaamte
pilot11,ploert
pilot11,sterfbed
pilot11,scherm
pilot11,matrix
pilot11,part
pilot11,schrift
pilot11,roebel
pilot11,proef
pilot11,rat
pilot11,dok
pilot11,graf
pilot11,buikpijn
pilot11,kreng
pilot11,buffel
pilot11,vizier
pilot11,kabaal
pilot11,graaf
pilot11,fraude
pilot11,beul
pilot11,sleur
pilot11,kwart
pilot11,spiraal
pilot11,kwal
pilot11,marmot
pilot11,gordijn
pilot11,venijn
pilot11,rugpijn
pilot11,schotel
pilot11,kanker
pilot11,puist
pilot11,heks
pilot11,kramp
pilot11,mep
pilot11,beerput
pilot11,hebzucht
pilot11,argwaan
pilot11,roddel
pilot11,infuus
pilot11,kwelling
pilot11,sergeant
pilot11,poedel
pilot11,steiger
pilot11,plaag
pilot11,knobbel
pilot11,oproer
pilot11,strook
pilot11,afschuw
pilot11,wreef
pilot11,jargon
pilot11,lei
pilot11,vierkant
pilot11,pantser
pilot11,sukkel
pilot11,boycot
pilot11,schap
pilot11,wrat
pilot11,lijfwacht
pilot11,roer
pilot11,voogd
pilot11,bazaar
pilot11,frats
pilot11,lakei
pilot11,term
pilot11,agressie
pilot11,haring
pilot11,schurk
pilot11,uitschot
pilot11,last
pilot11,schort
pilot11,sluier
pilot11,eikel
pilot11,termijn
pilot11,bloedbad
pilot11,list
pilot11,jaloezie
pilot11,baars
pilot11,nevel
pilot11,vin
pilot11,kolom
pilot11,schok
pilot11,gruwel
pilot11,striemen
pilot11,geheim
pilot11,strop
pilot11,wagon
pilot11,sluis
pilot11,nor
pilot11,pooier
pilot11,toestel
pilot11,bankroet
pilot11,stelt
pilot11,bekken
pilot11,aars
pilot11,dief
pilot11,aspect
pilot11,domoor
pilot11,spade
pilot11,perron
pilot11,gesel
pilot11,vrees
pilot11,kader
pilot11,pluis
pilot11,kraag
pilot11,monarch
pilot11,silo
pilot11,lasso
pilot11,fort
pilot11,zone
pilot11,heibel
pilot11,pamflet
pilot11,kas
pilot11,scooter
pilot11,stempel
pilot11,beitel
pilot11,fik
pilot11,kool
pilot11,grijns
pilot11,straf
pilot11,karkas
pilot11,schande
pilot11,rolstoel
pilot11,Hitler
pilot11,branche
pilot11,trauma
pilot11,miskraam
pilot11,flat
pilot11,plunje
pilot11,taxi
pilot11,incest
pilot11,ijzer
pilot11,kopij
pilot11,scheut
pilot11,filter
pilot11,koorts
pilot11,slaaf
pilot11,stroop
pilot11,onheil
pilot11,zoom
pilot11,sein
pilot11,rapport
pilot11,hoest
pilot11,kuis
pilot11,wodka
pilot11,mormel
pilot11,rage
pilot11,wet
pilot11,staal
pilot11,raap
pilot11,rooster
pilot11,onrust
pilot11,zonde
pilot11,spreeuw
pilot11,lepra
pilot11,file
pilot11,kruin
pilot11,chaos
pilot11,razernij
pilot11,marge
pilot11,slijm
pilot11,klooster
pilot11,nier
pilot11,orgaan
pilot11,terrein
pilot11,pilaar
pilot11,madam
pilot11,schot
pilot11,orkaan
pilot11,monnik
pilot11,pomp
pilot11,harnas
pilot11,kudde
pilot11,satan
pilot11,puin
pilot11,sadist
pilot11,smaad
pilot11,ontslag
pilot11,kruimel
pilot11,heup
pilot11,ketel
pilot11,trance
pilot11,gember
pilot11,romp
pilot11,gezag
pilot11,singel
pilot11,makreel
pilot11,panne
pilot11,walging
pilot11,gril
pilot11,papier
pilot11,furieus
pilot11,spuug
pilot11,barbaar
pilot11,meeuw
pilot11,pest
pilot11,voeg
pilot11,feeks
pilot11,psalm
pilot11,striem
pilot11,schijf
pilot11,rover
pilot11,blaar
pilot11,stront
pilot11,drek
pilot11,trut
pilot11,krat
pilot11,schild
pilot11,wijf
pilot11,cluster
pilot11,verraad
pilot11,regel
pilot11,sabbat
pilot11,goeroe
pilot11,bandiet
pilot11,roffel
pilot11,rubriek
pilot11,midden
pilot11,pukkel
pilot11,acne
pilot11,teef
pilot11,rog
pilot11,fobie
pilot11,rabbijn
pilot11,vouw
pilot11,ren
pilot11,tumor
pilot11,balpen
pilot11,ketter
pilot11,wrak
pilot11,metaal
pilot11,norm
pilot11,gebouw
pilot11,ergernis
pilot11,stakker
pilot11,reuma
pilot11,schuit
pilot11,pis
pilot11,hinder
pilot11,boeman
pilot11,budget
pilot11,ziekte
pilot11,fornuis
pilot11,station
pilot11,nijd
pilot11,galg
pilot11,wandaad
pilot11,angst
pilot11,dealer
pilot11,robot
pilot11,baron
pilot11,conflict
pilot11,gal
pilot11,dreun
pilot11,coma
pilot11,waan
pilot11,peil
pilot11,woede
pilot11,doorn
pilot11,zombie
pilot11,schade
pilot11,stress
pilot11,majoor
pilot11,pedaal
pilot11,etter
pilot11,made
pilot11,oester
pilot12,rubriek
pilot12,gezag
pilot12,sultan
pilot12,stroop
pilot12,schade
pilot12,termijn
pilot12,wet
pilot12,dreun
pilot12,raap
pilot12,peil
pilot12,wissel
pilot12,angst
pilot12,marmot
pilot12,krekel
pilot12,orgaan
pilot12,virus
pilot12,boeg
pilot12,oorworm
pilot12,heibel
pilot12,pech
pilot12,regel
pilot12,arrest
pilot12,schotel
pilot12,altaar
pilot12,kwijl
pilot12,smokkel
pilot12,metaal
pilot12,ketter
pilot12,scheut
pilot12,schuit
pilot12,kwal
pilot12,tabel
pilot12,haring
pilot12,ploert
pilot12,trede
pilot12,stuiver
pilot12,paneel
pilot12,makreel
pilot12,milt
pilot12,uitschot
pilot12,dwang
pilot12,tin
pilot12,cel
pilot12,jaloezie
pilot12,mug
pilot12,file
pilot12,infectie
pilot12,norm
pilot12,kots
pilot12,part
pilot12,wonde
pilot12,misbruik
pilot12,verband
pilot12,midden
pilot12,mormel
pilot12,mossel
pilot12,striemen
pilot12,wreef
pilot12,rog
pilot12,peddel
pilot12,bedelaar
pilot12,leed
pilot12,kool
pilot12,schaamte
pilot12,kader
pilot12,fornuis
pilot12,trant
pilot12,scooter
pilot12,pedaal
pilot12,ziekte
pilot12,nood
pilot12,kabaal
pilot12,strop
pilot12,nadeel
pilot12,wrevel
pilot12,schuif
pilot12,agressie
pilot12,perron
pilot12,beul
pilot12,schurk
pilot12,heimwee
pilot12,afgunst
pilot12,reptiel
pilot12,sigaret
pilot12,gebouw
pilot12,stempel
pilot12,nier
pilot12,beitel
pilot12,klacht
pilot12,rat
pilot12,sluier
pilot12,kanaal
pilot12,pamflet
pilot12,schot
pilot12,lijfwacht
pilot12,bandiet
pilot12,colbert
pilot12,doping
pilot12,armoe
pilot12,reus
pilot12,robot
pilot12,lepra
pilot12,silo
pilot12,bijbel
pilot12,singel
pilot12,taxi
pilot12,riool
pilot12,kerkhof
pilot12,rage
pilot12,plunje
pilot12,made
pilot12,kraag
pilot12,oproer
pilot12,wagon
pilot12,doorn
pilot12,kruin
pilot12,vracht
pilot12,vechter
pilot12,frats
pilot12,monarch
pilot12,lasso
pilot12,wrak
pilot12,schande
pilot12,bruto
pilot12,zone
pilot12,gezwel
pilot12,vloer
pilot12,strook
pilot12,psalm
pilot12,dok
pilot12,hindoe
pilot12,roffel
pilot12,sleur
pilot12,barbaar
pilot12,korrel
pilot12,oester
pilot12,galg
pilot12,heks
pilot12,cluster
pilot12,tocht
pilot12,sein
pilot12,aspect
pilot12,schild
pilot12,hal
pilot12,sadist
pilot12,vergif
pilot12,pendel
pilot12,astma
pilot12,rapport
pilot12,slet
pilot12,radar
pilot12,pleit
pilot12,puin
pilot12,rimboe
pilot12,inbraak
pilot12,koorts
pilot12,sterfbed
pilot12,bangerik
pilot12,streek
pilot12,advocaat
pilot12,geheim
pilot12,getto
pilot12,drek
pilot12,hekel
pilot12,werf
pilot12,rabbijn
pilot12,vin
pilot12,slaaf
pilot12,schaar
pilot12,lei
pilot12,pissebed
pilot12,schrift
pilot12,zoom
pilot12,ontzag
pilot12,monnik
pilot12,graaf
pilot12,vete
pilot12,hoest
pilot12,snotneus
pilot12,plastic
pilot12,kramp
pilot12,kas
pilot12,buffel
pilot12,minuut
pilot12,mep
pilot12,balpen
pilot12,scepter
pilot12,pedofiel
pilot12,snob
pilot12,kwelling
pilot12,terrein
pilot12,stelt
pilot12,gif
pilot12,vloed
pilot12,flank
pilot12,pis
pilot12,boord
pilot12,staal
pilot12,slijm
pilot12,waanzin
pilot12,wraak
pilot12,lus
pilot12,krat
pilot12,afkeer
pilot12,bedrog
pilot12,rover
pilot12,bekken
pilot12,proef
pilot12,gruwel
pilot12,teek
pilot12,rotzak
pilot12,nor
pilot12,machine
pilot12,kruimel
pilot12,pilaar
pilot12,domoor
pilot12,aids
pilot12,tumor
pilot12,wrat
pilot12,pest
pilot12,hak
pilot12,boosheid
pilot12,rel
pilot12,afschuw
pilot12,poeder
pilot12,spade
pilot12,ijzer
pilot12,gebrek
pilot12,troep
pilot12,branche
pilot12,roddel
pilot12,vrees
pilot12,lafaard
pilot12,tandpijn
pilot12,taboe
pilot12,spatel
pilot12,vuilnis
pilot12,krot
pilot12,heup
pilot12,plaag
pilot12,trut
pilot12,matrix
pilot12,blunder
pilot12,jargon
pilot12,conflict
pilot12,kut
pilot12,rouw
pilot12,pluis
pilot12,pokken
pilot12,wodka
pilot12,trechter
pilot12,ram
pilot12,tuig
pilot12,sprong
pilot12,rotzooi
pilot12,crisis
pilot12,gember
pilot12,steiger
pilot12,woede
pilot12,maagpijn
pilot12,serpent
pilot12,baron
pilot12,spiraal
pilot12,boycot
pilot12,ongeduld
pilot12,gesel
pilot12,madam
pilot12,macht
pilot12,sukkel
pilot12,venijn
pilot12,breuk
pilot12,koster
pilot12,verraad
pilot12,argwaan
pilot12,kuis
pilot12,nevel
pilot12,armoede
pilot12,term
pilot12,romp
pilot12,orkaan
pilot12,klink
pilot12,satan
pilot12,trauma
pilot12,wervel
pilot12,ruzie
pilot12,beerput
pilot12,marge
pilot12,soja
pilot12,hagedis
pilot12,lawine
pilot12,koker
pilot12,griezel
pilot12,stank
pilot12,versie
pilot12,kudde
pilot12,knobbel
pilot12,junk
pilot12,goeroe
pilot12,lakei
pilot12,kogel
pilot12,bankroet
pilot12,miskraam
pilot12,onmacht
pilot12,scherm
pilot12,wicht
pilot12,rolstoel
pilot12,roof
pilot12,furie
pilot12,boete
pilot12,toestel
pilot12,walging
pilot12,dealer
pilot12,filter
pilot12,vouw
pilot12,wandaad
pilot12,rooster
pilot12,schors
pilot12,granaat
pilot12,dozijn
pilot12,sluis
pilot12,panne
pilot12,straf
pilot12,gordijn
pilot12,kikker
pilot12,sherry
pilot12,teugel
pilot12,box
pilot12,dief
pilot12,feeks
pilot12,toorts
pilot12,pooier
pilot12,infuus
pilot12,harnas
pilot12,mijl
pilot12,striem
pilot12,baars
pilot12,kopij
pilot12,hinder
pilot12,station
pilot12,ketel
pilot12,coma
pilot12,pers
pilot12,ramp
pilot12,karkas
pilot12,klooster
pilot12,kwart
pilot12,fort
pilot12,griep
pilot12,stakker
pilot12,pukkel
pilot12,korf
pilot12,majoor
pilot12,middel
pilot12,minnaar
pilot12,schap
pilot12,chroom
pilot12,schok
pilot12,schort
pilot12,vierkant
pilot12,poedel
pilot12,razernij
pilot12,schrik
pilot12,ergernis
pilot12,shock
pilot12,pantser
pilot12,meeuw
pilot12,rugpijn
pilot12,letsel
pilot12,roebel
pilot12,luis
pilot12,ren
pilot12,smaad
pilot12,list
pilot12,schijf
pilot12,kwaal
pilot12,kalkoen
pilot12,schaak
pilot12,bazaar
pilot12,humeur
pilot12,pijler
pilot12,teef
pilot12,trance
pilot12,aars
pilot12,kreng
pilot12,gangster
pilot12,sjeik
pilot12,cement
pilot12,voogd
pilot12,schijt
pilot12,gil
pilot12,lijst
pilot12,doofpot
pilot12,eikel
pilot12,patroon
pilot12,schimmel
pilot12,etter
pilot12,rubber
pilot12,sabbat
pilot12,bezitter
pilot12,bloedbad
pilot12,nijd
pilot12,voeg
pilot12,zombie
pilot12,snot
pilot12,zerk
pilot12,tralie
pilot12,zonde
pilot12,scharnier
pilot12,fik
pilot12,gril
pilot12,spreeuw
pilot12,kanker
pilot12,tiran
pilot12,wrok
pilot12,spuug
pilot12,wijf
pilot12,overgave
pilot12,gracht
pilot12,buikpijn
pilot12,vizier
pilot12,flat
pilot12,schede
pilot12,schemer
pilot12,puist
pilot12,raket
pilot12,hufter
pilot12,acne
pilot12,ongeval
pilot12,budget
pilot12,sekte
pilot12,papier
pilot12,fobie
pilot12,executie
pilot12,afval
pilot12,hel
pilot12,gal
pilot12,schurft
pilot12,fraude
pilot12,stront
pilot12,luik
pilot12,bochel
pilot12,tapijt
pilot12,ontslag
pilot12,boef
pilot12,handel
pilot12,onheil
pilot12,snavel
pilot12,reuma
pilot12,sergeant
pilot12,onrust
pilot12,waan
pilot12,schroef
pilot12,incest
pilot12,sessie
pilot12,spijker
pilot12,ontrouw
pilot12,roer
pilot12,chaos
pilot12,kerker
pilot12,stress
pilot12,Hitler
pilot12,pomp
pilot12,kolom
pilot12,last
pilot12,hebzucht
pilot12,boeman
pilot12,keizer
pilot12,diefstal
pilot12,slagveld
pilot12,kabel
pilot12,karper
pilot12,graf
pilot12,blaar
pilot12,vloek
pilot12,doolhof
pilot12,furieus
